{"adrian": [0.4711452146410647, 0.7215557864733119, 0.5623598766425815, 0.655109869306872, 0.5355702390095451, 0.561328766828766, 0.5857688569063505, 0.49419135064055025, 0.6386769643045572, 0.47820476132259004, 0.5965584631091121, 0.43472534711810323, 0.6369469881817057, 0.7015606758986755, 0.6657356015445502, 0.5946829480531597, 0.5720153601529181, 0.6158438389474562, 0.6392698860981973, 0.6438462391866479, 0.796155148146829, 0.5359408548862968, 0.5383503958967486, 0.7006344974582581, 0.4718489283217867, 0.6186341423125323, 0.5468240490901106, 0.5959269275014016, 0.7142268118826912, 0.6039774403856837, 0.6430868812749502, 0.6495617487865444, 0.5768787133266476, 0.5324443432878331, 0.6193202705798646, 0.5874809031309759, 0.6394612621242758, 0.6124291691392274, 0.6123686756155998, 0.5418796629927757, 0.5388492282428303, 0.6905084998111753, 0.5288787215003029, 0.5284402806650087, 0.635831241998719, 0.5708444929061449, 0.5097186574065911, 0.6418618026070488, 0.619054606162319, 0.6531265997259608, 0.6483812786866285, 0.5771855786801698, 0.6615687805926758, 0.6250853676727791, 0.5836864455010538, 0.6590452467948662, 0.6780092849226184, 0.5182207242435386, 0.6338844571201474, 0.6342443054349006, 0.634837782923948, 0.6723265220306109, 0.5858760077825819, 0.5383044533538863, 0.6020946773700433, 0.6807904023937703, 0.6247556733442259, 0.7183156531916994, 0.6549358970240621, 0.6002712388459557, 0.723526944554095, 0.6303509093358862, 0.49693509933564756, 0.6263188075246532, 0.6140176078621558, 0.6770497828480633, 0.5970412644194014, 0.6123686756155998, 0.5455337106651752, 0.5727601039654754, 0.6102176730138891, 0.5752557137669067, 0.5305062699210901, 0.6779807953236322, 0.6030540131845996, 0.45438584846743096, 0.6020672009738998, 0.6675838081087512, 0.609001499057033, 0.5761742867453787], "alec": [0.7099766295820447, 0.3860413351997741, 0.5779904501986225, 0.6425083139982334, 0.6443898507298673, 0.6118073827037914, 0.6064008305863522, 0.6519049257766207, 0.5640913352501629, 0.5274943871290173, 0.6762863795156533, 0.5089273418518824, 0.6531540653407687, 0.6433463055455654, 0.7316811572132, 0.6172309625920283, 0.6205002904314375, 0.6751742867275814, 0.5967889407224969, 0.5936600630131112, 0.6604311164709051, 0.5477581217731237, 0.6004236059679723, 0.5867406903611104, 0.4985865485770401, 0.6017488671328822, 0.6046981810783222, 0.6948299822773728, 0.6887690849593072, 0.740178521263103, 0.5584916927168079, 0.6771571913980211, 0.5422892481541669, 0.5207394558736856, 0.726868013727077, 0.6885027152283406, 0.6673836231206993, 0.5737347672799916, 0.6375350716226382, 0.5430882291376403, 0.5335898427200907, 0.6999888345174069, 0.5976145643628663, 0.621720408702504, 0.7288588324886558, 0.5968672423980697, 0.5740951718693861, 0.5978293736498491, 0.7064031870857064, 0.6676652009902363, 0.5942927056201028, 0.5881845275749623, 0.6908222089957725, 0.6559881306342343, 0.6233648814662262, 0.5892789225696249, 0.6506359585113471, 0.4771092546208684, 0.6809278795530607, 0.6564449954806117, 0.5266982619173642, 0.6638817049441056, 0.6694985658057651, 0.7021284682348621, 0.6184720482866461, 0.731651403857394, 0.6454959540200447, 0.706089548230964, 0.690618941557095, 0.6200017900943985, 0.6410845505631833, 0.6289725442183506, 0.510327925658311, 0.5915436689204723, 0.5549902943350267, 0.6849141885067027, 0.643203315521774, 0.6375350716226382, 0.5376506104391214, 0.6546667913938744, 0.5765276897286697, 0.5840948860614817, 0.6370307285690505, 0.7022585211923372, 0.5986436553243372, 0.4592958645133573, 0.6659058505685044, 0.6483480663708063, 0.5664805647859216, 0.5784953790443343]}